{
  "vs_random": {
    "win_rate": 0.79,
    "avg_reward": 2.72,
    "std_reward": 4.132989232988637,
    "num_games": 100
  },
  "belief_analysis": {
    "belief_mean": [
      0.5102566480636597,
      0.042697105556726456,
      0.3033899664878845,
      0.8096334934234619,
      -2.0656638145446777,
      -0.6453020572662354,
      0.1976991593837738,
      1.2571728229522705,
      0.3977093994617462,
      1.9422441720962524,
      -0.39880847930908203,
      0.24874816834926605,
      1.24764883518219,
      -1.6111910343170166,
      -0.28237101435661316,
      -0.2446722686290741,
      -1.129791498184204,
      -1.648555874824524,
      -0.004976980853825808,
      0.7563915848731995,
      -1.6843373775482178,
      0.9837483763694763,
      -0.8548454642295837,
      1.0693367719650269,
      1.2646437883377075,
      0.34684401750564575,
      -0.9456704258918762,
      -0.7115342020988464,
      0.664706289768219,
      0.06068629398941994,
      -2.184403896331787,
      1.446717381477356,
      -0.7258759140968323,
      0.20116716623306274,
      -1.2075884342193604,
      0.49886614084243774,
      0.9188107848167419,
      0.7568076848983765,
      0.139170303940773,
      0.2832973003387451,
      0.3023410737514496,
      0.7049344182014465,
      0.375572144985199,
      0.365967333316803,
      -0.3346428871154785,
      0.6115521192550659,
      0.353746622800827,
      1.4071552753448486,
      -1.9513441324234009,
      -0.4675813317298889,
      1.0008882284164429,
      -0.9923729300498962,
      0.750496506690979,
      0.8942226767539978,
      -0.27148181200027466,
      -0.9092379212379456,
      -1.243419885635376,
      -1.575816035270691,
      -0.7430091500282288,
      0.7430098056793213,
      -1.2197871208190918,
      1.579069972038269,
      -1.0827789306640625,
      0.9670604467391968,
      -1.712562084197998,
      1.3164128065109253,
      0.27528294920921326,
      0.23450204730033875,
      0.4102056324481964,
      -1.6507456302642822,
      0.42777493596076965,
      0.6576594710350037,
      -0.6232906579971313,
      0.9539254307746887,
      0.7413237690925598,
      -0.20978929102420807,
      -1.089828610420227,
      1.6339975595474243,
      0.7603389024734497,
      1.3973166942596436,
      1.079924464225769,
      0.024707181379199028,
      -0.6832659244537354,
      0.28104713559150696,
      -0.1659010499715805,
      -0.13462680578231812,
      -2.4380924701690674,
      1.1634604930877686,
      -0.71132493019104,
      0.4066760241985321,
      -0.2706902325153351,
      0.9668191075325012,
      -0.051083844155073166,
      -0.0746171623468399,
      -0.6351797580718994,
      -0.7991965413093567,
      -0.4806051552295685,
      0.3452402353286743,
      0.5324451923370361,
      -2.041656017303467,
      0.6887530088424683,
      0.16377438604831696,
      -1.6972806453704834,
      -0.15406274795532227,
      -0.08168339729309082,
      1.0725595951080322,
      -0.374685138463974,
      -1.6388765573501587,
      0.4784051477909088,
      -0.7016294002532959,
      -0.12259300798177719,
      1.48885977268219,
      0.5449743866920471,
      0.15628579258918762,
      0.7569477558135986,
      0.9430261850357056,
      -2.231078863143921,
      0.8988937139511108,
      -0.5423358082771301,
      1.6646397113800049,
      -0.39543622732162476,
      0.5725365281105042,
      0.09775956720113754,
      -0.11754912883043289,
      0.4927828907966614,
      -0.5111973285675049,
      0.3548571467399597,
      -0.9467586278915405
    ],
    "belief_std": [
      0.15864449739456177,
      0.2749270796775818,
      0.3523370325565338,
      0.16339696943759918,
      0.2857050895690918,
      0.18551404774188995,
      0.19123882055282593,
      0.19020816683769226,
      0.13761869072914124,
      0.3556444048881531,
      0.42523694038391113,
      0.3266116976737976,
      0.4371160566806793,
      0.149121955037117,
      0.43568524718284607,
      0.3621917963027954,
      0.15578065812587738,
      0.1741960197687149,
      0.22850455343723297,
      0.3941449820995331,
      0.32211634516716003,
      0.2771432399749756,
      0.1893983781337738,
      0.370572030544281,
      0.21434220671653748,
      0.13319922983646393,
      0.2533811032772064,
      0.1165553480386734,
      0.3471880257129669,
      0.2980993390083313,
      0.24380004405975342,
      0.17568351328372955,
      0.28604769706726074,
      0.15077173709869385,
      0.3796371519565582,
      0.31248706579208374,
      0.3315926492214203,
      0.5412226319313049,
      0.2302897572517395,
      0.19519084692001343,
      0.1601019948720932,
      0.18876585364341736,
      0.2110898494720459,
      0.4698529839515686,
      0.20120444893836975,
      0.26354795694351196,
      0.3502039313316345,
      0.3045996427536011,
      0.2069319486618042,
      0.33109742403030396,
      0.19206072390079498,
      0.27673864364624023,
      0.054270654916763306,
      0.1502189189195633,
      0.3276239037513733,
      0.23735752701759338,
      0.1958092898130417,
      0.31562870740890503,
      0.28409343957901,
      0.1244116723537445,
      0.15808598697185516,
      0.15647561848163605,
      0.2053898423910141,
      0.27788373827934265,
      0.3005248010158539,
      0.26174396276474,
      0.2954811155796051,
      0.25010594725608826,
      0.12807664275169373,
      0.25717470049858093,
      0.18397706747055054,
      0.12724223732948303,
      0.24087542295455933,
      0.2314595729112625,
      0.2067040205001831,
      0.18977442383766174,
      0.3969745635986328,
      0.2951778769493103,
      0.1942792683839798,
      0.2137083113193512,
      0.31463807821273804,
      0.29167380928993225,
      0.2649819254875183,
      0.21237701177597046,
      0.2975793182849884,
      0.2957397997379303,
      0.33946239948272705,
      0.4029122292995453,
      0.1352168172597885,
      0.2960260212421417,
      0.2658625543117523,
      0.25602060556411743,
      0.2940448224544525,
      0.294452965259552,
      0.06395694613456726,
      0.24285149574279785,
      0.34182655811309814,
      0.23420552909374237,
      0.22799213230609894,
      0.279872328042984,
      0.08617706596851349,
      0.26454657316207886,
      0.45743173360824585,
      0.1314084827899933,
      0.2703264653682709,
      0.18336719274520874,
      0.15375420451164246,
      0.19194389879703522,
      0.22170209884643555,
      0.14429104328155518,
      0.1704077124595642,
      0.25320756435394287,
      0.3371149003505707,
      0.07417502254247665,
      0.2618504762649536,
      0.08352217078208923,
      0.3052443265914917,
      0.1870756447315216,
      0.4050162434577942,
      0.26764488220214844,
      0.17034557461738586,
      0.26178625226020813,
      0.21665112674236298,
      0.235136017203331,
      0.13174711167812347,
      0.2366221845149994,
      0.15081439912319183,
      0.3023006021976471
    ],