{
  "vs_random": {
    "win_rate": 0.67,
    "avg_reward": 1.56,
    "std_reward": 4.133569885704124,
    "num_games": 100
  },
  "belief_analysis": {
    "belief_mean": [
      -0.663359522819519,
      -0.06782396882772446,
      1.5563637018203735,
      0.0739063173532486,
      1.4827725887298584,
      2.0636143684387207,
      -0.34257984161376953,
      0.3259146809577942,
      -0.256256639957428,
      -1.0096217393875122,
      0.8547862768173218,
      0.6651051640510559,
      0.9223771095275879,
      -0.6865596771240234,
      -0.6876861453056335,
      0.1958707720041275,
      0.6537690758705139,
      -0.9759469628334045,
      0.9316734075546265,
      1.7603709697723389,
      -2.068810224533081,
      -0.14085085690021515,
      -1.226043701171875,
      -0.1489570140838623,
      0.42947766184806824,
      0.8085368275642395,
      -0.09686803817749023,
      0.29493385553359985,
      -0.10540767759084702,
      0.6099404096603394,
      -0.8896844983100891,
      -0.2881259322166443,
      -1.3807123899459839,
      1.4515453577041626,
      -0.6972123980522156,
      0.7621925473213196,
      1.1592832803726196,
      0.07325000315904617,
      0.5644071698188782,
      -0.9661510586738586,
      -1.4127261638641357,
      0.053833745419979095,
      -0.23274631798267365,
      -0.09398605674505234,
      -0.6225466132164001,
      0.7566229701042175,
      -1.597888708114624,
      0.19484172761440277,
      -0.8286834955215454,
      0.24093566834926605,
      0.8351268768310547,
      1.2920417785644531,
      -1.8826898336410522,
      0.9227688908576965,
      -0.3955870270729065,
      0.13715872168540955,
      -0.5928401947021484,
      -1.3604687452316284,
      0.41268661618232727,
      1.2636785507202148,
      -0.6686331033706665,
      -0.8147945404052734,
      0.30395960807800293,
      -0.865717351436615
    ],
    "belief_std": [
      0.61175537109375,
      0.8837448954582214,
      0.3843424916267395,
      0.7088963985443115,
      0.3791644275188446,
      0.5222182869911194,
      0.5454645752906799,
      0.490311861038208,
      0.32216596603393555,
      0.34086132049560547,
      0.35636255145072937,
      0.35951974987983704,
      0.3146708309650421,
      0.3406294286251068,
      0.25832247734069824,
      0.28552335500717163,
      0.23641462624073029,
      0.44558611512184143,
      0.4673530161380768,
      0.4169870615005493,
      0.4518894553184509,
      0.4655448794364929,
      0.26157936453819275,
      0.19925853610038757,
      0.22503480315208435,
      0.28035467863082886,
      0.27098989486694336,
      0.2552703619003296,
      0.5372151136398315,
      0.2068057805299759,
      0.2795630097389221,
      0.16196511685848236,
      0.15177182853221893,
      0.4189552664756775,
      0.254221647977829,
      0.23931406438350677,
      0.3357965052127838,
      0.6857537627220154,
      0.2106536626815796,
      0.24973563849925995,
      0.1466207653284073,
      0.32071977853775024,
      0.5927463173866272,
      0.32161957025527954,
      0.37141022086143494,
      0.2461588829755783,
      0.8376592397689819,
      0.6882626414299011,
      0.2665897607803345,
      0.5113861560821533,
      0.3896510899066925,
      0.11792875081300735,
      0.33511829376220703,
      0.21063591539859772,
      0.38664644956588745,
      0.38737940788269043,
      0.3826596140861511,
      0.27615323662757874,
      0.2621825635433197,
      0.14456652104854584,
      0.3142411410808563,
      0.07031109184026718,
      0.521662712097168,
      0.1579872965812683
    ],
    "belief_var": [
      [
        0.3742446005344391,
        0.7810050249099731,
        0.14771915972232819,
        0.5025340914726257,
        0.1437656730413437,
        0.27271196246147156,
        0.2975316047668457,
        0.24040570855140686,
        0.10379090160131454,
        0.11618644744157791,
        0.1269942671060562,
        0.12925444543361664,
        0.09901772439479828,
        0.11602840572595596,
        0.06673050671815872,
        0.0815235897898674,
        0.05589187517762184,
        0.19854697585105896,
        0.21841883659362793,
        0.17387820780277252,
        0.20420406758785248,
        0.21673204004764557,
        0.06842377036809921,
        0.039703961461782455,
        0.050640661269426346,
        0.0785987377166748,
        0.07343553006649017,
        0.06516296416521072,
        0.28860005736351013,
        0.042768631130456924,
        0.07815548032522202,
        0.026232698932290077,
        0.023034686222672462,
        0.17552350461483002,
        0.06462865322828293,
        0.05727121978998184,
        0.1127592921257019,
        0.4702582061290741,
        0.044374965131282806,
        0.062367890030145645,
        0.02149765007197857,
        0.10286117345094681,
        0.3513481616973877,
        0.10343915224075317,
        0.13794554769992828,
        0.06059419363737106,
        0.7016730308532715,
        0.4737054407596588,
        0.0710701048374176,
        0.2615157961845398,
        0.15182797610759735,
        0.013907189480960369,
        0.11230427026748657,
        0.04436748847365379,
        0.14949548244476318,
        0.15006281435489655,
        0.14642837643623352,
        0.07626061141490936,
        0.06873968988656998,
        0.02089948020875454,
        0.09874749928712845,
        0.004943649750202894,
        0.272132009267807,
        0.0249599851667881
      ]
    ],
    "value_mean": -0.06955421463187252,
    "value_std": 0.020905906379796807,
    "num_samples": 28
  },
  "attention_analysis": {
    "layer_0": {
      "mean_entropy": 0.5399267444243798,
      "std_entropy": 0.4721647378255594,
      "attention_by_action": {
        "FOLD": 0.0,
        "CALL": 0.0,
        "RAISE": 0.24222477812033433,
        "CHECK": 0.06797301310759324
      }
    },
    "layer_1": {
      "mean_entropy": 0.541978487601647,
      "std_entropy": 0.4732549196934733,
      "attention_by_action": {
        "FOLD": 0.0,
        "CALL": 0.0,
        "RAISE": 0.2335148593172049,
        "CHECK": 0.06630067527294159
      }
    },
    "layer_2": {
      "mean_entropy": 0.5415034615076505,
      "std_entropy": 0.47307215353556364,
      "attention_by_action": {
        "FOLD": 0.0,
        "CALL": 0.0,
        "RAISE": 0.23296904551167777,
        "CHECK": 0.0671509427902026
      }
    }
  },
  "exploitability": 0.16670138888888897
}