{
  "vs_random": {
    "win_rate": 0.4,
    "avg_reward": 0.25,
    "std_reward": 1.3665650368716449,
    "num_games": 100
  },
  "belief_analysis": {
    "belief_mean": [
      1.1191684007644653,
      -1.0422075986862183,
      0.7382093667984009,
      1.7818288803100586,
      -1.9903866052627563,
      -0.31569722294807434,
      1.2360550165176392,
      0.1740989238023758,
      -0.4178149700164795,
      -0.1520746946334839,
      1.099719524383545,
      0.7571366429328918,
      0.4299454391002655,
      -1.3945772647857666,
      -1.3482688665390015,
      1.575933814048767,
      0.7476003766059875,
      -0.5457775592803955,
      -2.309727430343628,
      0.9098448753356934,
      -2.28865647315979,
      -0.24590858817100525,
      -0.7299724221229553,
      -0.09491217881441116,
      0.8663931488990784,
      1.3978906869888306,
      -1.260248064994812,
      -0.6457576751708984,
      -0.8516769409179688,
      1.338361382484436,
      0.05647602304816246,
      0.198946014046669,
      0.3494532108306885,
      -1.3209834098815918,
      -0.2573260962963104,
      0.3737614154815674,
      -0.06547170877456665,
      0.13244090974330902,
      -0.6023783087730408,
      -0.22132958471775055,
      0.4821396470069885,
      1.3652390241622925,
      0.5850900411605835,
      0.07756571471691132,
      0.09197280555963516,
      0.12414202839136124,
      0.542560875415802,
      0.03548802435398102,
      0.1266670823097229,
      1.2841451168060303,
      1.177501916885376,
      0.7689096927642822,
      -0.9316795468330383,
      -0.21583032608032227,
      0.8001633882522583,
      -1.9204075336456299,
      -1.5471876859664917,
      0.5344736576080322,
      -1.5086541175842285,
      -0.8548178672790527,
      0.2954731583595276,
      1.004250168800354,
      -0.022974682971835136,
      0.45557379722595215
    ],
    "belief_std": [
      0.14539670944213867,
      0.2224581241607666,
      0.15016350150108337,
      0.14083902537822723,
      0.16787025332450867,
      0.1441497653722763,
      0.1763802021741867,
      0.19303300976753235,
      0.1525142341852188,
      0.1338232308626175,
      0.12440118938684464,
      0.1335882544517517,
      0.16903184354305267,
      0.06119612604379654,
      0.09198207408189774,
      0.11978668719530106,
      0.05979891121387482,
      0.09037979692220688,
      0.0760265663266182,
      0.14516891539096832,
      0.1376674771308899,
      0.19669869542121887,
      0.14160773158073425,
      0.10325713455677032,
      0.0787305012345314,
      0.18537968397140503,
      0.1678917557001114,
      0.09803367406129837,
      0.07420635223388672,
      0.13960368931293488,
      0.10543491691350937,
      0.06541012972593307,
      0.10064733028411865,
      0.06582428514957428,
      0.10559584945440292,
      0.07711177319288254,
      0.10324845463037491,
      0.09686652570962906,
      0.1045454889535904,
      0.06615542620420456,
      0.07975964993238449,
      0.09490770101547241,
      0.07648671418428421,
      0.16806423664093018,
      0.0893961638212204,
      0.05258689075708389,
      0.07439302653074265,
      0.04994552582502365,
      0.10562458634376526,
      0.08684536814689636,
      0.06855228543281555,
      0.06523192673921585,
      0.08015750348567963,
      0.10110877454280853,
      0.14062155783176422,
      0.12959280610084534,
      0.14925409853458405,
      0.07239776849746704,
      0.07283689826726913,
      0.050691936165094376,
      0.09159356355667114,
      0.07257230579853058,
      0.11713594198226929,
      0.12358226627111435
    ],
    "belief_var": [
      [
        0.02114020474255085,
        0.04948761686682701,
        0.02254907600581646,
        0.01983563043177128,
        0.028180424124002457,
        0.02077915519475937,
        0.031109975650906563,
        0.03726174309849739,
        0.02326059341430664,
        0.01790865696966648,
        0.015475655905902386,
        0.017845822498202324,
        0.02857176586985588,
        0.0037449656520038843,
        0.008460701443254948,
        0.014348850585520267,
        0.003575909649953246,
        0.008168508298695087,
        0.0057800388894975185,
        0.02107401192188263,
        0.01895233243703842,
        0.03869037702679634,
        0.020052747800946236,
        0.010662035085260868,
        0.006198491435497999,
        0.03436562791466713,
        0.028187641873955727,
        0.009610600769519806,
        0.005506583023816347,
        0.019489191472530365,
        0.01111652236431837,
        0.004278484731912613,
        0.01012988481670618,
        0.004332836251705885,
        0.011150483042001724,
        0.005946225021034479,
        0.010660243220627308,
        0.0093831242993474,
        0.010929758660495281,
        0.004376539960503578,
        0.006361601408571005,
        0.009007471613585949,
        0.005850217770785093,
        0.028245586901903152,
        0.007991674356162548,
        0.0027653812430799007,
        0.005534322466701269,
        0.0024945554323494434,
        0.011156553402543068,
        0.007542118430137634,
        0.004699415992945433,
        0.0042552039958536625,
        0.006425225641578436,
        0.010222983546555042,
        0.0197744220495224,
        0.016794294118881226,
        0.022276785224676132,
        0.005241436883807182,
        0.005305213388055563,
        0.002569672418758273,
        0.008389380760490894,
        0.005266739521175623,
        0.013720828108489513,
        0.015272576361894608
      ]
    ],
    "value_mean": -0.06115433583526235,
    "value_std": 0.0006276692725798103,
    "num_samples": 38
  },
  "attention_analysis": {
    "layer_0": {
      "mean_entropy": 0.840042182803154,
      "std_entropy": 0.5740549005750339,
      "attention_by_action": {
        "FOLD": 0.0,
        "CALL": 0.0,
        "RAISE": 0.1828926249096791,
        "CHECK": 0.1761553191890319
      }
    },
    "layer_1": {
      "mean_entropy": 0.8384571760892868,
      "std_entropy": 0.5734351355205892,
      "attention_by_action": {
        "FOLD": 0.0,
        "CALL": 0.0,
        "RAISE": 0.18341722333182892,
        "CHECK": 0.18655411936342717
      }
    },
    "layer_2": {
      "mean_entropy": 0.8403010666370392,
      "std_entropy": 0.5742116562200895,
      "attention_by_action": {
        "FOLD": 0.0,
        "CALL": 0.0,
        "RAISE": 0.18330561286873287,
        "CHECK": 0.18479250715010698
      }
    }
  },
  "exploitability": null
}