{
  "iteration": [
    0.0,
    1.0,
    2.0
  ],
  "game_reward": [
    0.3359375,
    0.6875,
    0.7421875
  ],
  "policy_loss": [
    0.0336925033479929,
    0.030787542928010225,
    0.03173501929268241
  ],
  "value_loss": [
    0.0063015740015544,
    0.0007309857319341972,
    0.00023420111392624676
  ],
  "transition_loss": [
    0.0,
    0.0,
    0.0
  ],
  "opponent_range_loss": [
    0.0,
    0.0,
    0.0
  ]
}