{
  "iteration": [
    0.0,
    1.0,
    2.0,
    3.0,
    4.0,
    5.0,
    6.0,
    7.0,
    8.0,
    9.0
  ],
  "game_reward": [
    0.578125,
    0.5625,
    0.3984375,
    0.890625,
    0.234375,
    0.6484375,
    0.875,
    0.8046875,
    0.6953125,
    0.5703125
  ],
  "policy_loss": [
    0.03181614074856043,
    0.030291902367025614,
    0.03283492662012577,
    0.030584299005568027,
    0.031091210898011923,
    0.030676248483359814,
    0.031058231834322214,
    0.030475731939077377,
    0.030370608903467655,
    0.03192822402343154
  ],
  "value_loss": [
    0.011565752938622609,
    0.0031170525326160714,
    0.0011866471177199855,
    0.0004627871785487514,
    0.0002570113938418217,
    0.00020681005116784945,
    0.00014299705071607605,
    5.8512448049441446e-05,
    6.881985154905124e-05,
    6.334635781968245e-05
  ],
  "transition_loss": [
    0.0,
    0.0,
    0.0,
    0.0,
    0.0,
    0.0,
    0.0,
    0.0,
    0.0,
    0.0
  ],
  "opponent_range_loss": [
    0.0,
    0.0,
    0.0,
    0.0,
    0.0,
    0.0,
    0.0,
    0.0,
    0.0,
    0.0
  ]
}