{
  "vs_random": {
    "win_rate": 0.73,
    "avg_reward": 1.16,
    "std_reward": 3.084542105402356,
    "num_games": 100
  },
  "belief_analysis": {
    "belief_mean": [
      -0.6373228430747986,
      0.8930165767669678,
      0.5971807241439819,
      1.391219973564148,
      0.9763359427452087,
      -1.8869452476501465,
      -0.3342600166797638,
      -0.4471844434738159,
      1.0787850618362427,
      1.3393828868865967,
      0.35257837176322937,
      0.35710927844047546,
      -0.8525181412696838,
      -1.3607574701309204,
      1.6078009605407715,
      0.39082249999046326,
      0.5746573209762573,
      -0.2506067156791687,
      -1.4290475845336914,
      -0.7702787518501282,
      0.8648535013198853,
      -0.32043027877807617,
      0.5541982054710388,
      -0.7364422082901001,
      -0.5987561345100403,
      -0.9338559508323669,
      2.581878662109375,
      1.3765596151351929,
      -1.1524900197982788,
      0.6224030256271362,
      -1.6226063966751099,
      0.3306276500225067,
      -0.49693983793258667,
      1.4056532382965088,
      -0.6607301235198975,
      0.06346116214990616,
      -1.248703122138977,
      0.5714740753173828,
      1.106081485748291,
      0.19061297178268433,
      0.1811995506286621,
      -0.753387987613678,
      -0.28658270835876465,
      0.7849816679954529,
      -0.566404402256012,
      0.42730817198753357,
      -0.9440063238143921,
      -0.8442149758338928,
      -1.5451442003250122,
      -0.6945186853408813,
      1.0479928255081177,
      0.6809534430503845,
      -0.19597595930099487,
      1.4225292205810547,
      -1.67327880859375,
      -0.3955039978027344,
      0.918320894241333,
      0.5589854717254639,
      -1.1519761085510254,
      -0.36261656880378723,
      -1.1509097814559937,
      0.41911837458610535,
      0.9051808714866638,
      -0.705901563167572,
      -0.48093488812446594,
      0.4094509780406952,
      -1.8979747295379639,
      1.9857348203659058,
      0.9357293844223022,
      0.7450195550918579,
      -0.09724316000938416,
      1.952033519744873,
      1.5837109088897705,
      -0.9486536383628845,
      -0.07632113248109818,
      0.16145797073841095,
      -2.559056043624878,
      -0.08974694460630417,
      1.2145800590515137,
      2.201906681060791,
      0.5450320839881897,
      0.41896021366119385,
      -0.40290018916130066,
      -1.0382016897201538,
      0.4092225134372711,
      -1.3016568422317505,
      -0.42050856351852417,
      0.5458571910858154,
      0.5473554134368896,
      -0.17712925374507904,
      -0.9639005064964294,
      0.2883598506450653,
      1.2179415225982666,
      -0.34019458293914795,
      -0.26844319701194763,
      -0.5019347667694092,
      -0.5601192712783813,
      0.4706726372241974,
      1.3504592180252075,
      -0.6073190569877625,
      -1.244113802909851,
      1.8617892265319824,
      1.1981536149978638,
      -0.6232532858848572,
      0.17025858163833618,
      -0.2075190544128418,
      -1.1881422996520996,
      0.3151852786540985,
      -0.2843770384788513,
      0.3480488955974579,
      -1.316005825996399,
      1.2000702619552612,
      -0.8133439421653748,
      -1.7639431953430176,
      -0.7955049276351929,
      -1.0019701719284058,
      0.9337149262428284,
      0.42153236269950867,
      0.14434199035167694,
      0.5284642577171326,
      -1.4783527851104736,
      -0.6366498470306396,
      0.1586141586303711,
      -0.02324124053120613,
      -0.2088426947593689,
      0.7784278988838196,
      -1.8077399730682373,
      1.5234687328338623
    ],
    "belief_std": [
      0.14479795098304749,
      0.17429745197296143,
      0.14614003896713257,
      0.07261846959590912,
      0.07390230149030685,
      0.13087980449199677,
      0.15379373729228973,
      0.08842959254980087,
      0.23647722601890564,
      0.12152453511953354,
      0.13591238856315613,
      0.11460154503583908,
      0.21245363354682922,
      0.05830660089850426,
      0.17966203391551971,
      0.14932474493980408,
      0.12799054384231567,
      0.0905289575457573,
      0.12914343178272247,
      0.0532645583152771,
      0.07221607118844986,
      0.10949146002531052,
      0.1576075404882431,
      0.18271057307720184,
      0.11483451724052429,
      0.08902370184659958,
      0.14672067761421204,
      0.07174237072467804,
      0.05262738838791847,
      0.19300127029418945,
      0.13596120476722717,
      0.16728098690509796,
      0.2448289394378662,
      0.07979712635278702,
      0.15678614377975464,
      0.0835656225681305,
      0.11794586479663849,
      0.11789549142122269,
      0.08068429678678513,
      0.05460287630558014,
      0.09206395596265793,
      0.07089366763830185,
      0.052056025713682175,
      0.1074964851140976,
      0.12928038835525513,
      0.15353654325008392,
      0.2052166610956192,
      0.16151821613311768,
      0.08899393677711487,
      0.16145917773246765,
      0.1658637523651123,
      0.09138961136341095,
      0.1256083995103836,
      0.0668611228466034,
      0.13938836753368378,
      0.11970345675945282,
      0.15248122811317444,
      0.19751688838005066,
      0.09874603897333145,
      0.07394195348024368,
      0.16371941566467285,
      0.05863485857844353,
      0.1394239366054535,
      0.07077738642692566,
      0.07903789728879929,
      0.10048641264438629,
      0.05565421283245087,
      0.10594318062067032,
      0.03901815414428711,
      0.1757824569940567,
      0.15136320888996124,
      0.17661435902118683,
      0.10030141472816467,
      0.09209279716014862,
      0.06671397387981415,
      0.1636071652173996,
      0.07853161543607712,
      0.06142435967922211,
      0.15139494836330414,
      0.06593616306781769,
      0.12559200823307037,
      0.11208444088697433,
      0.08239947259426117,
      0.12486360222101212,
      0.08241789042949677,
      0.09648109972476959,
      0.12989498674869537,
      0.11730093508958817,
      0.19036194682121277,
      0.1294979453086853,
      0.09236161410808563,
      0.08889256417751312,
      0.09821107983589172,
      0.0971609354019165,
      0.2134408950805664,
      0.08935496211051941,
      0.1481253206729889,
      0.09688475728034973,
      0.07994189113378525,
      0.08423788100481033,
      0.18528763949871063,
      0.062084924429655075,
      0.1861880123615265,
      0.08892636746168137,
      0.1439572423696518,
      0.04657648503780365,
      0.10219341516494751,
      0.13219419121742249,
      0.11259585618972778,
      0.12326108664274216,
      0.2010403275489807,
      0.06782253831624985,
      0.21790964901447296,
      0.1318960040807724,
      0.11110446602106094,
      0.07635363936424255,
      0.12422249466180801,
      0.09063930064439774,
      0.1158236414194107,
      0.11790383607149124,
      0.25119563937187195,
      0.15206210315227509,
      0.09527228027582169,
      0.07573570311069489,
      0.16133838891983032,
      0.07608489692211151,
      0.16245484352111816,
      0.0444682240486145
    ],