{
  "vs_random": {
    "win_rate": 0.5,
    "avg_reward": -0.03,
    "std_reward": 3.8352444511399795,
    "num_games": 100
  },
  "belief_analysis": {
    "belief_mean": [
      -0.8268723487854004,
      -0.8934208154678345,
      2.3073976039886475,
      -0.9890705943107605,
      -1.6137406826019287,
      0.003327734535560012,
      -0.9370703101158142,
      1.4965074062347412,
      -0.3655926585197449,
      0.8215950131416321,
      0.7851547598838806,
      -0.4616248905658722,
      1.6164442300796509,
      -1.8271071910858154,
      -1.3361886739730835,
      0.48595428466796875,
      -1.1828162670135498,
      1.0518027544021606,
      1.1308943033218384,
      -0.0502011813223362,
      0.15662701427936554,
      -0.7634597420692444,
      -1.0946906805038452,
      -0.25113242864608765,
      1.5016156435012817,
      0.7215360999107361,
      -0.20334355533123016,
      2.437683343887329,
      0.13347379863262177,
      -0.606359601020813,
      0.22995726764202118,
      0.32545071840286255,
      0.4806804358959198,
      0.03169062361121178,
      -0.9081043601036072,
      0.05398529767990112,
      -0.4813868999481201,
      0.2764909863471985,
      0.7996867895126343,
      -0.48731374740600586,
      -0.07508842647075653,
      -0.1790763884782791,
      0.24311624467372894,
      -0.2584180235862732,
      0.025832418352365494,
      -1.458433985710144,
      0.5481374859809875,
      1.528280258178711,
      0.6439929008483887,
      -0.9419614672660828,
      0.04408179596066475,
      0.8161088228225708,
      -0.7014493346214294,
      0.1928078681230545,
      -1.088456630706787,
      -0.27824127674102783,
      1.0384609699249268,
      -0.7742434144020081,
      -0.9584571123123169,
      -0.579071581363678,
      2.277961492538452,
      -1.1970775127410889,
      0.6842371225357056,
      0.800533652305603,
      0.27367591857910156,
      -0.5263400673866272,
      -0.09158216416835785,
      -1.1183531284332275,
      -1.3250867128372192,
      -1.3010244369506836,
      -1.3066526651382446,
      1.2193228006362915,
      1.5939960479736328,
      -0.9118886590003967,
      0.7501994371414185,
      -0.11949198693037033,
      -0.6383469700813293,
      0.49464496970176697,
      1.1068408489227295,
      -0.15229281783103943,
      0.7754765748977661,
      -0.12719105184078217,
      1.5425342321395874,
      -1.786169171333313,
      1.4213751554489136,
      -1.2297216653823853,
      1.6853704452514648,
      -1.1092897653579712,
      0.2018251121044159,
      -0.7191338539123535,
      -0.2228943407535553,
      -0.8903848528862,
      1.4001191854476929,
      1.5533056259155273,
      -0.5321460366249084,
      0.052229736000299454,
      -0.9873197674751282,
      1.3797818422317505,
      2.354736089706421,
      -0.7998756170272827,
      0.33357590436935425,
      0.43500494956970215,
      0.7170300483703613,
      -0.6959972977638245,
      0.7063791155815125,
      -0.5827265381813049,
      1.6272798776626587,
      -1.0437872409820557,
      0.8638640642166138,
      1.3578344583511353,
      -0.8981279730796814,
      -0.3384491503238678,
      1.6391221284866333,
      2.1767351627349854,
      -0.4097590446472168,
      -1.1319096088409424,
      -0.15615178644657135,
      -0.9530907273292542,
      -1.6677732467651367,
      0.6352137327194214,
      -0.49343493580818176,
      -1.6893168687820435,
      -0.5961815118789673,
      -1.1442086696624756,
      -0.3893335461616516,
      -0.7761850953102112,
      -0.5404110550880432,
      -0.6973748803138733
    ],
    "belief_std": [
      0.015973854809999466,
      0.01925237849354744,
      0.015094556845724583,
      0.0077953399159014225,
      0.012173022143542767,
      0.010840649716556072,
      0.010147887282073498,
      0.010774059221148491,
      0.005684216506779194,
      0.008186234161257744,
      0.009329704567790031,
      0.009676559828221798,
      0.006157144904136658,
      0.026547746732831,
      0.0038087551947683096,
      0.01026804931461811,
      0.02190585620701313,
      0.0069894674234092236,
      0.006467233877629042,
      0.008364631794393063,
      0.007614507805556059,
      0.0070008039474487305,
      0.0023667204659432173,
      0.009474491700530052,
      0.007539140991866589,
      0.0024655829183757305,
      0.0119080925360322,
      0.003715724917128682,
      0.006178226787596941,
      0.0027606794610619545,
      0.01951620541512966,
      0.01587497629225254,
      0.011211317963898182,
      0.006836465559899807,
      0.009492337703704834,
      0.008204948157072067,
      0.004571295343339443,
      0.008541352115571499,
      0.005804510321468115,
      0.014694780111312866,
      0.008374485187232494,
      0.010982898995280266,
      0.007902326062321663,
      0.007628567982465029,
      0.01737358421087265,
      0.0056796567514538765,
      0.005799365695565939,
      0.009547813795506954,
      0.004686375614255667,
      0.0040685078129172325,
      0.01027471013367176,
      0.008933408185839653,
      0.008435983210802078,
      0.01300851721316576,
      0.011014305986464024,
      0.010080049745738506,
      0.004560508299618959,
      0.009290728718042374,
      0.008384250104427338,
      0.007420536130666733,
      0.010747075080871582,
      0.005972222425043583,
      0.004845437593758106,
      0.008484652265906334,
      0.011670985259115696,
      0.005954909138381481,
      0.012124557979404926,
      0.00930612999945879,
      0.014395104721188545,
      0.009560086764395237,
      0.008376755751669407,
      0.019426651298999786,
      0.011472931131720543,
      0.010981348343193531,
      0.009924187324941158,
      0.011193186044692993,
      0.004931071773171425,
      0.017213979735970497,
      0.005270072259008884,
      0.010927936993539333,
      0.008779087103903294,
      0.007693481631577015,
      0.004684563726186752,
      0.015243393369019032,
      0.005936157889664173,
      0.006204069592058659,
      0.007293226663023233,
      0.01007428951561451,
      0.006625136826187372,
      0.003405678551644087,
      0.007088598795235157,
      0.004968766123056412,
      0.006467630621045828,
      0.0039072418585419655,
      0.0026395299937576056,
      0.006234211381524801,
      0.015127683989703655,
      0.015062367543578148,
      0.008778493851423264,
      0.010081016458570957,
      0.020385582000017166,
      0.008278976194560528,
      0.011207392439246178,
      0.00687048677355051,
      0.011086718179285526,
      0.01648002862930298,
      0.011033273302018642,
      0.003838989417999983,
      0.006556893233209848,
      0.011959082446992397,
      0.004164299461990595,
      0.0065824794583022594,
      0.013011176139116287,
      0.007337545044720173,
      0.007709079422056675,
      0.011556374840438366,
      0.00888766162097454,
      0.015145231038331985,
      0.009036070667207241,
      0.011687999591231346,
      0.011084024794399738,
      0.008158938027918339,
      0.01049121655523777,
      0.0046817888505756855,
      0.008069843053817749,
      0.017353912815451622,
      0.0071537732146680355,
      0.011175662279129028
    ],