{
  "vs_random": {
    "win_rate": 0.52,
    "avg_reward": 0.5,
    "std_reward": 1.8466185312619388,
    "num_games": 100
  },
  "belief_analysis": {
    "belief_mean": [
      -0.8424079418182373,
      -1.4017326831817627,
      -1.231661319732666,
      -0.46327221393585205,
      0.019861312583088875,
      -0.0032311249524354935,
      -0.4869702458381653,
      1.338589072227478,
      0.6417725682258606,
      0.7060216069221497,
      -0.78965824842453,
      -0.186357319355011,
      1.3405927419662476,
      1.6037938594818115,
      1.920603632926941,
      0.6221207976341248,
      -0.09013223648071289,
      1.220594048500061,
      0.17018502950668335,
      -1.6718065738677979,
      0.5032265782356262,
      -0.8267566561698914,
      0.0006288781296461821,
      1.5629544258117676,
      0.1130051538348198,
      -0.4271162450313568,
      1.1279386281967163,
      0.14104309678077698,
      1.0853081941604614,
      -1.4540724754333496,
      -1.4838333129882812,
      -0.39449790120124817,
      -0.5159568190574646,
      -2.014233350753784,
      0.10028598457574844,
      0.5834026336669922,
      -0.486266553401947,
      -1.1505216360092163,
      -0.337339848279953,
      -0.7620708346366882,
      -0.19428721070289612,
      -0.4017256200313568,
      1.5230824947357178,
      -0.1210898756980896,
      1.1857647895812988,
      -2.5650758743286133,
      -1.334862470626831,
      -1.5190858840942383,
      0.8501723408699036,
      -0.018918439745903015,
      0.7565023899078369,
      -1.3233369588851929,
      1.9110627174377441,
      1.16724693775177,
      0.5529096722602844,
      0.7917370796203613,
      -0.7905545830726624,
      -0.49082088470458984,
      0.94930499792099,
      0.782508373260498,
      -0.4945732653141022,
      0.8566628694534302,
      0.1692831963300705,
      -0.08679904788732529
    ],
    "belief_std": [
      0.03787044435739517,
      0.07614079117774963,
      0.057420484721660614,
      0.06286300718784332,
      0.030209917575120926,
      0.03445465862751007,
      0.041454024612903595,
      0.07084532827138901,
      0.06670593470335007,
      0.028110289946198463,
      0.07722508162260056,
      0.022235281765460968,
      0.028271477669477463,
      0.01659664697945118,
      0.03125636652112007,
      0.05083054304122925,
      0.025955647230148315,
      0.03307049721479416,
      0.02813541516661644,
      0.02878626622259617,
      0.02500728704035282,
      0.017469191923737526,
      0.03632780537009239,
      0.023409616202116013,
      0.024195687845349312,
      0.02295103669166565,
      0.04587743803858757,
      0.03723425790667534,
      0.037367042154073715,
      0.037883929908275604,
      0.02628162130713463,
      0.021193377673625946,
      0.036336932331323624,
      0.03702326864004135,
      0.03643086180090904,
      0.05681556090712547,
      0.02628636173903942,
      0.02306186966598034,
      0.038262318819761276,
      0.03202616423368454,
      0.03986462950706482,
      0.026552807539701462,
      0.029796460643410683,
      0.00900766346603632,
      0.0370817668735981,
      0.03582042083144188,
      0.037068191915750504,
      0.021340934559702873,
      0.020945372059941292,
      0.03687546029686928,
      0.016401296481490135,
      0.032940931618213654,
      0.0252173263579607,
      0.03544808179140091,
      0.03879499435424805,
      0.027797671034932137,
      0.015041184611618519,
      0.044812921434640884,
      0.054267968982458115,
      0.02925172820687294,
      0.008095898665487766,
      0.023700835183262825,
      0.030756253749132156,
      0.012619534507393837
    ],
    "belief_var": [
      [
        0.0014341705245897174,
        0.00579741969704628,
        0.0032971121836453676,
        0.003951757214963436,
        0.0009126391378231347,
        0.001187123591080308,
        0.0017184361349791288,
        0.005019060801714659,
        0.004449681844562292,
        0.0007901884382590652,
        0.005963712930679321,
        0.0004944077809341252,
        0.0007992764003574848,
        0.00027544869226403534,
        0.0009769605239853263,
        0.0025837442371994257,
        0.0006736955838277936,
        0.0010936576873064041,
        0.0007916015456430614,
        0.0008286490919999778,
        0.0006253644241951406,
        0.00030517266714014113,
        0.0013197094667702913,
        0.00054801010992378,
        0.0005854313494637609,
        0.0005267501110211015,
        0.002104739425703883,
        0.0013863900676369667,
        0.0013962959637865424,
        0.0014351921854540706,
        0.0006907235947437584,
        0.0004491592408157885,
        0.0013203725684434175,
        0.0013707223115488887,
        0.0013272076612338424,
        0.0032280078157782555,
        0.0006909728399477899,
        0.0005318498588167131,
        0.001464004977606237,
        0.0010256752138957381,
        0.0015891887014731765,
        0.0007050515851005912,
        0.0008878291118890047,
        8.11380086815916e-05,
        0.001375057501718402,
        0.001283102435991168,
        0.0013740509748458862,
        0.0004554355109576136,
        0.00043870857916772366,
        0.0013597995275631547,
        0.0002690025430638343,
        0.0010851048864424229,
        0.000635913573205471,
        0.0012565664947032928,
        0.0015050515066832304,
        0.0007727105403319001,
        0.00022623722907155752,
        0.0020081980619579554,
        0.0029450124129652977,
        0.0008556636166758835,
        6.554357969434932e-05,
        0.0005617295973934233,
        0.0009459471330046654,
        0.0001592526532476768
      ]
    ],
    "value_mean": -0.0019069667905569077,
    "value_std": 0.0018240490678509656,
    "num_samples": 32
  },
  "attention_analysis": {
    "layer_0": {
      "mean_entropy": 0.8750379549132453,
      "std_entropy": 0.686177008846548,
      "attention_by_action": {
        "FOLD": 0.0,
        "CALL": 0.0,
        "RAISE": 0.22660632143142045,
        "CHECK": 0.05802926421165466
      }
    },
    "layer_1": {
      "mean_entropy": 0.8806175788243612,
      "std_entropy": 0.6904677873747941,
      "attention_by_action": {
        "FOLD": 0.0,
        "CALL": 0.0,
        "RAISE": 0.21623775020793634,
        "CHECK": 0.0539013110101223
      }
    },
    "layer_2": {
      "mean_entropy": 0.8811405234866672,
      "std_entropy": 0.6908258306367139,
      "attention_by_action": {
        "FOLD": 0.0,
        "CALL": 0.0,
        "RAISE": 0.21417074793098886,
        "CHECK": 0.053489188353220626
      }
    }
  },
  "exploitability": null
}