{
  "vs_random": {
    "win_rate": 0.74,
    "avg_reward": 1.08,
    "std_reward": 2.8378865375486737,
    "num_games": 100
  },
  "belief_analysis": {
    "belief_mean": [
      -0.33575040102005005,
      -0.6511585116386414,
      -2.134439468383789,
      -0.991032063961029,
      0.16271927952766418,
      -0.33114126324653625,
      0.8989436626434326,
      -0.44383686780929565,
      -0.983065128326416,
      -1.166976809501648,
      0.05156780034303665,
      -0.02564282715320587,
      -0.28087466955184937,
      1.9950913190841675,
      1.540582537651062,
      -0.5713292956352234,
      -0.29278621077537537,
      -0.055848270654678345,
      -0.24120254814624786,
      -0.45762479305267334,
      -1.594235897064209,
      0.39708614349365234,
      -1.0369383096694946,
      -0.3547525703907013,
      0.07771976292133331,
      0.217106893658638,
      0.9695199728012085,
      -0.5864483714103699,
      1.6228055953979492,
      0.5292957425117493,
      -1.0878162384033203,
      1.715620517730713,
      0.3975338041782379,
      0.23776473104953766,
      0.37543219327926636,
      -1.1636033058166504,
      -0.8219519257545471,
      -0.332927942276001,
      0.4894357919692993,
      1.3254884481430054,
      0.805800199508667,
      0.8710155487060547,
      -0.701759397983551,
      0.07587011158466339,
      -1.4457056522369385,
      1.5024454593658447,
      1.6048353910446167,
      1.5050718784332275,
      -1.9087048768997192,
      0.03962921351194382,
      0.1523532271385193,
      1.924047589302063,
      1.0416111946105957,
      -1.3511699438095093,
      0.6710506081581116,
      -1.2138885259628296,
      -1.538272738456726,
      -1.1991554498672485,
      0.7223942279815674,
      1.850350260734558,
      0.165747731924057,
      -0.42127344012260437,
      0.6143186688423157,
      -0.8618425130844116
    ],
    "belief_std": [
      0.05518896132707596,
      0.04863414913415909,
      0.059453267604112625,
      0.05129742622375488,
      0.06360912322998047,
      0.040693122893571854,
      0.03812894597649574,
      0.0673658475279808,
      0.046789318323135376,
      0.04900709167122841,
      0.03458743169903755,
      0.025053774937987328,
      0.052315209060907364,
      0.03811407834291458,
      0.028690870851278305,
      0.03928167000412941,
      0.03785402327775955,
      0.039066944271326065,
      0.047900211066007614,
      0.013536163605749607,
      0.03068527765572071,
      0.043011993169784546,
      0.02545369416475296,
      0.025706633925437927,
      0.03364744037389755,
      0.034811124205589294,
      0.038669485598802567,
      0.033230479806661606,
      0.037074241787195206,
      0.05094854533672333,
      0.01980193518102169,
      0.03884374722838402,
      0.03282501548528671,
      0.03315724432468414,
      0.02598990499973297,
      0.04864651709794998,
      0.02642364241182804,
      0.04935923591256142,
      0.027989022433757782,
      0.032291002571582794,
      0.022906899452209473,
      0.02060931734740734,
      0.03901313617825508,
      0.028567658737301826,
      0.045480258762836456,
      0.011520606465637684,
      0.03570831939578056,
      0.03532888740301132,
      0.02300184965133667,
      0.03471112623810768,
      0.014880731701850891,
      0.020352916792035103,
      0.05439131706953049,
      0.030298765748739243,
      0.03012203983962536,
      0.00917134340852499,
      0.028194928541779518,
      0.04245995730161667,
      0.024119818583130836,
      0.021831011399626732,
      0.04606487974524498,
      0.031102679669857025,
      0.03505278006196022,
      0.028040017932653427
    ],
    "belief_var": [
      [
        0.0030458213295787573,
        0.0023652806412428617,
        0.0035346911754459143,
        0.0026314258575439453,
        0.004046120680868626,
        0.0016559303039684892,
        0.001453816657885909,
        0.0045381574891507626,
        0.0021892404183745384,
        0.0024016951210796833,
        0.0011962904827669263,
        0.0006276916828937829,
        0.0027368811424821615,
        0.0014526830054819584,
        0.000823166046757251,
        0.0015430497005581856,
        0.0014329272089526057,
        0.001526226056739688,
        0.0022944300435483456,
        0.00018322773394174874,
        0.0009415862150490284,
        0.0018500315491110086,
        0.0006478905561380088,
        0.0006608310504816473,
        0.0011321502970531583,
        0.0012118143495172262,
        0.0014953291974961758,
        0.0011042647529393435,
        0.0013744994066655636,
        0.0025957543402910233,
        0.00039211666444316506,
        0.0015088366344571114,
        0.0010774815455079079,
        0.0010994027834385633,
        0.000675475166644901,
        0.0023664836771786213,
        0.0006982088671065867,
        0.002436334267258644,
        0.0007833854178898036,
        0.0010427087545394897,
        0.0005247260560281575,
        0.0004247439792379737,
        0.0015220247441902757,
        0.000816111103631556,
        0.002068453934043646,
        0.00013272436626721174,
        0.0012750840978696942,
        0.0012481302255764604,
        0.0005290851113386452,
        0.0012048622593283653,
        0.0002214361884398386,
        0.00041424119262956083,
        0.0029584155417978764,
        0.0009180152555927634,
        0.0009073372930288315,
        8.411354792769998e-05,
        0.0007949540158733726,
        0.0018028479535132647,
        0.0005817656638100743,
        0.00047659309348091483,
        0.0021219730842858553,
        0.0009673766908235848,
        0.0012286973651498556,
        0.000786242657341063
      ]
    ],
    "value_mean": 0.09243018121311539,
    "value_std": 0.0021311382103030552,
    "num_samples": 38
  },
  "attention_analysis": {
    "layer_0": {
      "mean_entropy": 0.6023800415652139,
      "std_entropy": 0.505421790847908,
      "attention_by_action": {
        "FOLD": 0.0,
        "CALL": 0.0,
        "RAISE": 0.12101358601025172,
        "CHECK": 0.2266861828310149
      }
    },
    "layer_1": {
      "mean_entropy": 0.602160496371133,
      "std_entropy": 0.5050887227562934,
      "attention_by_action": {
        "FOLD": 0.0,
        "CALL": 0.0,
        "RAISE": 0.12314358353614807,
        "CHECK": 0.22337397879787854
      }
    },
    "layer_2": {
      "mean_entropy": 0.6024985228266034,
      "std_entropy": 0.5054485183969932,
      "attention_by_action": {
        "FOLD": 0.0,
        "CALL": 0.0,
        "RAISE": 0.12180287515123685,
        "CHECK": 0.22527983820154554
      }
    }
  },
  "exploitability": null
}