{
  "vs_random": {
    "win_rate": 0.62,
    "avg_reward": 0.83,
    "std_reward": 4.076898330839267,
    "num_games": 100
  },
  "belief_analysis": {
    "belief_mean": [
      0.8035393953323364,
      -0.2473955899477005,
      -0.580354630947113,
      0.28756457567214966,
      0.9479894638061523,
      1.6030644178390503,
      -0.1357535868883133,
      0.1998254954814911,
      -0.6546995043754578,
      1.755534052848816,
      1.9385873079299927,
      1.4248825311660767,
      -1.3797043561935425,
      0.4787713885307312,
      0.27544716000556946,
      0.19362947344779968,
      -0.014829710125923157,
      -1.6100457906723022,
      -1.6062543392181396,
      0.7166154980659485,
      -0.7632865905761719,
      -0.6072377562522888,
      1.6727514266967773,
      0.9141581654548645,
      0.7023134827613831,
      -0.3183189332485199,
      -0.234340637922287,
      -0.23359040915966034,
      0.3482687771320343,
      -1.4106065034866333,
      1.7042192220687866,
      -0.8717103600502014,
      -1.2681057453155518,
      -0.05660759285092354,
      1.0299696922302246,
      0.02296380139887333,
      -0.8791590929031372,
      -1.040178894996643,
      0.9423320889472961,
      -1.5773731470108032,
      -1.0573004484176636,
      -0.65912926197052,
      0.3836174011230469,
      1.3116977214813232,
      1.0032318830490112,
      -0.48537686467170715,
      -0.34086480736732483,
      -2.518458843231201,
      -0.3229725658893585,
      -0.6425744891166687,
      0.2282249480485916,
      0.8205565214157104,
      0.6476084589958191,
      0.3217807710170746,
      -0.6547545790672302,
      -1.5125436782836914,
      0.8441669344902039,
      -1.0990104675292969,
      0.8490433096885681,
      -0.12511847913265228,
      0.4855538308620453,
      -2.1498968601226807,
      1.3268296718597412,
      1.1859577894210815,
      0.04122496396303177,
      1.3909330368041992,
      1.578067660331726,
      -0.16599895060062408,
      -0.6908992528915405,
      -1.940050482749939,
      -1.3389737606048584,
      0.7457752823829651,
      1.802962303161621,
      -0.2845509648323059,
      0.6605148911476135,
      0.8215662837028503,
      1.319492220878601,
      0.6892620921134949,
      0.9450712203979492,
      -1.8658597469329834,
      0.3848910629749298,
      0.40298372507095337,
      -0.6840643286705017,
      1.5118610858917236,
      1.6294595003128052,
      -1.2669116258621216,
      -0.00731267686933279,
      -1.1471633911132812,
      -0.7104531526565552,
      -0.05002719163894653,
      -0.3538873493671417,
      -0.5588377714157104,
      -1.3034437894821167,
      -1.0581363439559937,
      -0.38579487800598145,
      -0.10446850210428238,
      -0.5507611036300659,
      0.0460478700697422,
      -0.42160001397132874,
      0.635346531867981,
      2.0293755531311035,
      0.3626839220523834,
      1.3302271366119385,
      1.1552187204360962,
      -1.1736844778060913,
      0.26249656081199646,
      -0.6920710206031799,
      0.14369288086891174,
      -0.9570578336715698,
      -0.3814358413219452,
      2.1883299350738525,
      -0.7994832396507263,
      0.7126746773719788,
      -1.7001659870147705,
      -0.39903467893600464,
      -0.4027341306209564,
      0.5226317644119263,
      -0.19062460958957672,
      0.08478245884180069,
      -0.9625576138496399,
      0.6055906414985657,
      -1.4467982053756714,
      -0.26106420159339905,
      0.49165210127830505,
      1.3812707662582397,
      0.06011100485920906,
      -0.5986377596855164,
      -1.2972174882888794
    ],
    "belief_std": [
      0.06583321839570999,
      0.10641325265169144,
      0.10212588310241699,
      0.06395245343446732,
      0.08948250114917755,
      0.03567732498049736,
      0.026659617200493813,
      0.07579673826694489,
      0.04619879648089409,
      0.07291525602340698,
      0.057487860321998596,
      0.07477260380983353,
      0.05644090846180916,
      0.04983137547969818,
      0.06029357388615608,
      0.0567622147500515,
      0.031066155061125755,
      0.041119061410427094,
      0.042315974831581116,
      0.036505959928035736,
      0.07189027965068817,
      0.051003046333789825,
      0.051523175090551376,
      0.059012994170188904,
      0.0405973382294178,
      0.053091131150722504,
      0.039181340485811234,
      0.061050962656736374,
      0.01880881004035473,
      0.021688787266612053,
      0.026048654690384865,
      0.041195277124643326,
      0.053370196372270584,
      0.03641047701239586,
      0.05283445492386818,
      0.03355861455202103,
      0.04958205297589302,
      0.02831795997917652,
      0.035104066133499146,
      0.033687982708215714,
      0.060247939079999924,
      0.06484732776880264,
      0.05829773470759392,
      0.03474197909235954,
      0.020910337567329407,
      0.0902661457657814,
      0.0442814975976944,
      0.04147787019610405,
      0.04905560612678528,
      0.028149252757430077,
      0.07219943404197693,
      0.050298258662223816,
      0.025380926206707954,
      0.03694698587059975,
      0.052206337451934814,
      0.06436679512262344,
      0.05274924263358116,
      0.03675449639558792,
      0.03237013891339302,
      0.0607997365295887,
      0.020544705912470818,
      0.03341779485344887,
      0.016529694199562073,
      0.08360994607210159,
      0.07705272734165192,
      0.08559843897819519,
      0.03911459445953369,
      0.01747899129986763,
      0.05935319885611534,
      0.02941988781094551,
      0.055465348064899445,
      0.03770673647522926,
      0.06805019080638885,
      0.0389026440680027,
      0.045754339545965195,
      0.04353540018200874,
      0.05773117393255234,
      0.03371572121977806,
      0.06435899436473846,
      0.06256851553916931,
      0.05769389867782593,
      0.029197383671998978,
      0.05510162189602852,
      0.024395961314439774,
      0.05650680512189865,
      0.054462116211652756,
      0.026090877130627632,
      0.04056921228766441,
      0.04291019216179848,
      0.08230721950531006,
      0.0317494198679924,
      0.10571178793907166,
      0.05302339792251587,
      0.023677561432123184,
      0.04231220483779907,
      0.06327267736196518,
      0.06507426500320435,
      0.073801688849926,
      0.042134255170822144,
      0.05129145830869675,
      0.0945696234703064,
      0.06258294731378555,
      0.03363633155822754,
      0.041473060846328735,
      0.09005691856145859,
      0.038206569850444794,
      0.04724461957812309,
      0.06469784677028656,
      0.0619327537715435,
      0.042486097663640976,
      0.03997469320893288,
      0.03312254324555397,
      0.046975091099739075,
      0.06555657088756561,
      0.0322241447865963,
      0.03678617998957634,
      0.08912613987922668,
      0.08876458555459976,
      0.06167440488934517,
      0.061357561498880386,
      0.03548431023955345,
      0.021642489358782768,
      0.05421782657504082,
      0.032840777188539505,
      0.05253608524799347,
      0.03821927681565285,
      0.025152362883090973,
      0.04519210383296013
    ],