{
  "seed": 43,
  "actions": [
    "RAISE",
    "FOLD"
  ],
  "observations": [
    {
      "own_card": 0,
      "action_history": [],
      "stacks": [
        100,
        100
      ],
      "pot": 0,
      "current_player": 0
    },
    {
      "own_card": 2,
      "action_history": [
        [
          0,
          "RAISE",
          1
        ]
      ],
      "stacks": [
        99,
        100
      ],
      "pot": 1,
      "current_player": 1
    }
  ],
  "beliefs": [
    [
      -0.7468302845954895,
      0.4628690481185913,
      -0.4834192395210266,
      -0.01234748587012291,
      -0.026001738384366035,
      0.317661851644516,
      1.4371490478515625,
      0.45561230182647705,
      0.4064015746116638,
      -0.17516008019447327,
      -0.07852631062269211,
      3.5688533782958984,
      -1.040000557899475,
      -1.8338760137557983,
      -0.20988920331001282,
      0.8640087246894836,
      -1.7267273664474487,
      -0.14722062647342682,
      -0.3480237126350403,
      1.8326013088226318,
      -0.6021853685379028,
      0.7314168810844421,
      -0.047816745936870575,
      -0.5309270024299622,
      0.4814146161079407,
      0.06414608657360077,
      0.5743530988693237,
      0.6799110174179077,
      -0.9051118493080139,
      0.22097255289554596,
      0.27586790919303894,
      -0.41643205285072327,
      -0.5892610549926758,
      0.22715184092521667,
      -0.8577447533607483,
      0.8179479837417603,
      -1.2989919185638428,
      -1.8746044635772705,
      -0.9521737098693848,
      1.1983587741851807,
      -2.145035743713379,
      -0.18393027782440186,
      0.9129379987716675,
      0.8319926857948303,
      1.0423845052719116,
      0.2026134878396988,
      0.654380202293396,
      1.3894476890563965,
      -0.23737964034080505,
      0.1830872893333435,
      -0.91025310754776,
      0.7546703219413757,
      -0.11826224625110626,
      -0.6666939854621887,
      0.837292492389679,
      0.4749326705932617,
      -0.738990306854248,
      -1.068795084953308,
      -1.6501874923706055,
      1.4002546072006226,
      0.8865550756454468,
      -0.22036661207675934,
      -1.793707251548767,
      0.43081390857696533
    ],
    [
      0.11627094447612762,
      -0.2246173620223999,
      0.28896844387054443,
      -0.2470923811197281,
      0.08864754438400269,
      -0.6809528470039368,
      1.3636837005615234,
      0.3430125415325165,
      1.0456442832946777,
      -0.749225378036499,
      0.19174793362617493,
      2.9833457469940186,
      -1.327268362045288,
      -1.523032784461975,
      -0.13411782681941986,
      1.3617985248565674,
      -1.8070040941238403,
      -0.35540905594825745,
      -0.5153254866600037,
      2.707826614379883,
      -0.4556181728839874,
      -0.19629433751106262,
      0.8522831201553345,
      -1.4761067628860474,
      0.3521369993686676,
      -0.07389473170042038,
      0.4154168665409088,
      0.6566581726074219,
      -0.8520669341087341,
      -0.03224963694810867,
      0.11595951020717621,
      0.12021791189908981,
      0.35120755434036255,
      0.5244888067245483,
      -0.603850781917572,
      0.18294884264469147,
      -0.7261794209480286,
      -1.1339797973632812,
      -0.6387649178504944,
      1.3792364597320557,
      -1.0002081394195557,
      -0.08336552232503891,
      0.4520314931869507,
      0.9642054438591003,
      0.44410648941993713,
      0.3693043887615204,
      2.1308515071868896,
      0.2925926446914673,
      -0.07676216214895248,
      -0.6314665079116821,
      -1.1905702352523804,
      0.052742503583431244,
      0.3861905634403229,
      -1.2546192407608032,
      0.7484094500541687,
      1.108953595161438,
      -0.9589558243751526,
      -0.4570733904838562,
      -2.061769485473633,
      1.0379579067230225,
      -0.16866080462932587,
      -0.393025666475296,
      -2.1186587810516357,
      0.7105936408042908
    ]
  ],
  "values": [
    0.08427758514881134,
    0.04908618703484535
  ],
  "policies": [
    [
      -0.0956156924366951,
      0.0015716031193733215,
      -0.02762557566165924,
      -0.10871779918670654
    ],
    [
      -0.06498749554157257,
      -0.026005767285823822,
      0.007347922772169113,
      -0.08047513663768768
    ]
  ],
  "legal_actions": [
    [
      "CHECK",
      "RAISE"
    ],
    [
      "FOLD",
      "CALL",
      "RAISE"
    ]
  ],
  "rewards": [
    1.0,
    -1.0
  ],
  "game_state": {
    "private_cards": [
      0,
      2
    ],
    "public_cards": [],
    "stacks": [
      99,
      100
    ],
    "pot": 1,
    "is_terminal": true,
    "payoffs": [
      1.0,
      -1.0
    ]
  },
  "steps": 2
}