{
  "seed": 42,
  "actions": [
    "CHECK",
    "RAISE",
    "RAISE",
    "CALL"
  ],
  "observations": [
    {
      "own_card": 1,
      "action_history": [],
      "stacks": [
        100,
        100
      ],
      "pot": 0,
      "current_player": 0
    },
    {
      "own_card": 2,
      "action_history": [
        [
          0,
          "CHECK",
          1
        ]
      ],
      "stacks": [
        100,
        100
      ],
      "pot": 0,
      "current_player": 1
    },
    {
      "own_card": 1,
      "action_history": [
        [
          0,
          "CHECK",
          1
        ],
        [
          1,
          "RAISE",
          1
        ]
      ],
      "stacks": [
        100,
        99
      ],
      "pot": 1,
      "current_player": 0
    },
    {
      "own_card": 2,
      "action_history": [
        [
          0,
          "CHECK",
          1
        ],
        [
          0,
          "RAISE",
          1
        ],
        [
          1,
          "RAISE",
          1
        ]
      ],
      "stacks": [
        99,
        99
      ],
      "pot": 2,
      "current_player": 1
    }
  ],
  "beliefs": [
    [
      -1.306784749031067,
      0.9455528259277344,
      -0.08596400916576385,
      0.601254940032959,
      -0.06156148761510849,
      0.03924364969134331,
      0.6999520063400269,
      0.40815269947052,
      0.6463274955749512,
      -0.04462346062064171,
      -0.35643675923347473,
      2.391643524169922,
      -0.16922612488269806,
      -0.650286078453064,
      -0.1929345577955246,
      0.6986516118049622,
      -1.1301063299179077,
      0.6359070539474487,
      -0.6142268776893616,
      2.0353548526763916,
      -1.301249384880066,
      -0.19509054720401764,
      -0.31085070967674255,
      -0.1264691799879074,
      1.0970385074615479,
      0.08571603894233704,
      0.08541198074817657,
      0.5146512985229492,
      -0.07905449718236923,
      0.2849388122558594,
      0.3869815170764923,
      -0.9472967982292175,
      0.34644272923469543,
      -0.40451961755752563,
      -0.2297857403755188,
      1.1113348007202148,
      -1.188831090927124,
      -1.3069449663162231,
      -1.7902326583862305,
      1.5587801933288574,
      -1.476442575454712,
      -0.2648833692073822,
      0.4330689609050751,
      1.057999849319458,
      0.07016565650701523,
      0.7967985272407532,
      0.20219601690769196,
      0.7500577569007874,
      -0.4276491403579712,
      0.32781532406806946,
      -1.0609748363494873,
      0.2910071909427643,
      0.4268684983253479,
      -0.6896607875823975,
      1.5038878917694092,
      0.4513409435749054,
      -1.0880796909332275,
      -1.694101095199585,
      -3.4660496711730957,
      1.4050110578536987,
      0.7604947090148926,
      0.09632996469736099,
      -1.605319857597351,
      1.097513198852539
    ],
    [
      0.2315988391637802,
      -0.1672975718975067,
      -0.11545936018228531,
      -0.4219646751880646,
      0.5965088605880737,
      -0.02778833545744419,
      1.2797106504440308,
      -0.08999526500701904,
      1.2539547681808472,
      -0.9336986541748047,
      0.018007220700383186,
      2.460806131362915,
      -1.2208501100540161,
      -1.4114049673080444,
      -0.5078924894332886,
      0.30131301283836365,
      -2.237461566925049,
      0.40665745735168457,
      -0.6410114765167236,
      2.258073329925537,
      -0.7235242128372192,
      0.18122510612010956,
      -0.3131978213787079,
      -0.7674441337585449,
      0.5147995352745056,
      0.21394358575344086,
      -0.23305533826351166,
      0.7029564380645752,
      -0.5728375315666199,
      1.3354157209396362,
      -0.1864367127418518,
      0.08029060810804367,
      0.496718168258667,
      0.12159912288188934,
      -0.7959179282188416,
      0.1580277979373932,
      -1.0758305788040161,
      -0.736201286315918,
      -0.6661930084228516,
      1.8622454404830933,
      -2.059919834136963,
      -0.32910504937171936,
      -0.20245367288589478,
      1.2390741109848022,
      1.0384138822555542,
      0.12595713138580322,
      0.8686373233795166,
      1.3761146068572998,
      -0.2674940228462219,
      -0.45657962560653687,
      -0.7011531591415405,
      -0.013000469654798508,
      0.04591253027319908,
      -0.7337142825126648,
      1.1954165697097778,
      1.715592861175537,
      -1.3868813514709473,
      -0.6791281700134277,
      -2.0129830837249756,
      1.0373698472976685,
      0.3776496946811676,
      0.44209417700767517,
      -1.9994370937347412,
      0.7400512099266052
    ],
    [
      0.21765682101249695,
      0.66200852394104,
      0.507631242275238,
      -0.2695727050304413,
      0.21316267549991608,
      -0.655342698097229,
      1.4465807676315308,
      -0.15532617270946503,
      1.0936635732650757,
      -0.6647487282752991,
      -0.4023868441581726,
      2.101971387863159,
      -0.2853475511074066,
      -0.5132849216461182,
      -0.1930645853281021,
      1.1769945621490479,
      -1.0766383409500122,
      0.3711060583591461,
      -1.3510832786560059,
      2.610607624053955,
      -1.0001628398895264,
      0.05608484521508217,
      0.23129360377788544,
      -0.7295872569084167,
      0.5598892569541931,
      0.32281890511512756,
      0.3116745948791504,
      0.7970498204231262,
      -0.03631104156374931,
      -0.6127799153327942,
      -0.1615460067987442,
      -0.16333018243312836,
      0.30011507868766785,
      -0.5432092547416687,
      -0.47456857562065125,
      0.010474344715476036,
      -0.4309462308883667,
      -0.6683369874954224,
      -1.236384391784668,
      0.6629666090011597,
      -1.641102910041809,
      -0.1078445091843605,
      0.794890820980072,
      0.8969917893409729,
      0.33006036281585693,
      0.5284712910652161,
      1.4418933391571045,
      0.41323068737983704,
      0.4559451937675476,
      0.18978086113929749,
      -0.8181272745132446,
      0.16827309131622314,
      -0.2044810950756073,
      -1.2637701034545898,
      1.282479166984558,
      1.0920944213867188,
      -1.2697101831436157,
      -1.5929871797561646,
      -3.169367551803589,
      1.3911206722259521,
      -0.22326503694057465,
      0.6328328251838684,
      -2.4573817253112793,
      1.0947285890579224
    ],
    [
      -0.24870999157428741,
      -0.262616902589798,
      0.011227267794311047,
      -0.7267577052116394,
      0.06570695340633392,
      -0.5719704031944275,
      1.2959758043289185,
      0.05229456350207329,
      1.0726044178009033,
      -1.1239875555038452,
      0.12103528529405594,
      3.004903793334961,
      -0.8400193452835083,
      -1.4804800748825073,
      -0.2249947041273117,
      0.05616775527596474,
      -1.0662611722946167,
      0.0013479208573698997,
      -0.34544360637664795,
      2.537395477294922,
      -0.4023597836494446,
      -0.4312390387058258,
      0.3753891885280609,
      -1.4019511938095093,
      0.6914671063423157,
      0.08010327816009521,
      0.9470088481903076,
      1.115516185760498,
      -1.5868077278137207,
      0.31485700607299805,
      0.5178441405296326,
      -0.16204026341438293,
      0.0819002166390419,
      0.17976988852024078,
      -0.4982503652572632,
      0.06879852712154388,
      -0.6894611120223999,
      -0.9418637752532959,
      -0.023450683802366257,
      1.1180919408798218,
      -0.8937125205993652,
      0.14810121059417725,
      -0.3307330012321472,
      1.0881471633911133,
      0.491644948720932,
      0.4854331612586975,
      1.4442851543426514,
      0.408107191324234,
      -0.6000267863273621,
      -0.4744795560836792,
      -0.538389265537262,
      0.2541685700416565,
      0.1980154663324356,
      -1.2148141860961914,
      0.980936586856842,
      1.6778377294540405,
      -1.1687943935394287,
      -0.3386147618293762,
      -2.130944013595581,
      1.797210693359375,
      -0.0349346399307251,
      0.07415953278541565,
      -2.7011497020721436,
